"CodiceProdotto","NomeProdotto","CategoriaProdotto","NumeroVendite","QuantitàTotaleVenduta","FatturatoTotale","MargineDiProfitto"
S18_3232,"1992 Ferrari 360 Spider red",Classic Cars,53,1808,276839.98,135996.78
S10_1949,"1952 Alpine Renault 1300",Classic Cars,28,961,190017.96,95282.58
S10_4698,"2003 Harley-Davidson Eagle Drag Bike",Motorcycles,28,985,170686.00,81031.30
S18_1662,"1980s Black Hawk Helicopter",Planes,28,1040,144959.91,64599.11
S18_2238,"1998 Chrysler Plymouth Prowler",Classic Cars,28,986,142530.63,42441.77
S12_2823,"2002 Suzuki XREO",Motorcycles,28,1028,135767.03,67641.47
S18_2795,"1928 Mercedes-Benz SSK",Vintage Cars,28,880,132275.98,68423.18
S10_4757,"1972 Alfa Romeo GTA",Classic Cars,28,1030,127924.32,39673.92
S10_4962,"1962 LanciaA Delta 16V",Classic Cars,28,932,123123.01,26735.57
S12_1666,"1958 Setra Bus",Trucks and Buses,28,972,119085.25,43366.45
S24_2300,"1962 Volkswagen Microbus",Trucks and Buses,28,1029,118774.33,55655.47
S18_2319,"1964 Mercedes Tour Bus",Trucks and Buses,28,1053,117669.66,38842.08
S18_4600,"1940s Ford truck",Trucks and Buses,28,1061,114232.79,24302.43
S10_2016,"1996 Moto Guzzi 1100i",Motorcycles,28,999,109998.82,41077.81
S18_2325,"1932 Model A Ford J-Coupe",Vintage Cars,28,957,109992.01,54026.65
S12_4473,"1957 Chevy Pickup",Trucks and Buses,28,1056,109946.21,51127.01
S18_1097,"1940 Ford Pickup Truck",Trucks and Buses,28,999,105563.12,47291.45
S24_1578,"1997 BMW R 1100 S",Motorcycles,28,1033,105266.64,42398.26
S700_2834,ATA: B757-300,Planes,28,973,102786.38,45058.29
S18_1342,"1937 Lincoln Berline",Vintage Cars,28,1111,102563.52,35214.70
S18_3856,"1941 Chevrolet Special Deluxe Cabriolet",Vintage Cars,28,1076,102537.45,33049.37
S50_1392,Diamond T620 Semi-Skirted Tanker,Trucks and Buses,28,979,101137.55,34281.64
S18_2949,"1913 Ford Model T Speedster",Vintage Cars,28,1038,97193.88,34104.24
S24_1785,"1928 British Royal Navy Airplane",Planes,28,972,94885.37,30014.09
S10_1678,"1969 Harley Davidson Ultimate Chopper",Motorcycles,28,1057,90157.77,38565.60
S32_1374,"1997 BMW F650 ST",Motorcycles,28,1014,89364.89,21508.01
S700_2466,America West Airlines B757-200,Planes,28,984,89347.80,21648.60
S700_2824,"1982 Camaro Z28",Classic Cars,28,997,89272.65,42882.24
S24_4258,"1936 Chrysler Airflow",Vintage Cars,28,983,88434.46,31951.28
S18_3320,"1917 Maxwell Touring Car",Vintage Cars,28,992,87637.63,30557.95
S18_3136,"18th Century Vintage Horse Carriage",Vintage Cars,28,907,85328.57,30237.39
S32_1268,"1980’s GM Manhattan Express",Trucks and Buses,28,911,78067.82,28937.59
S700_3167,F/A 18 Hornet 1/72,Planes,28,1047,76618.40,19661.60
S18_3029,"1999 Yamaha Speed Boat",Ships,28,966,74127.24,24271.98
S700_1691,American Airlines: B767-300,Planes,28,894,73871.22,28143.12
S700_2047,HMS Bounty,Ships,28,897,73298.42,37570.91
S700_4002,American Airlines: MD-11S,Planes,28,1085,71753.93,32400.98
S24_3816,"1940 Ford Delivery Sedan",Vintage Cars,28,923,71208.18,26313.46
S18_2581,P-51-D Mustang,Planes,28,917,68741.91,23808.91
S24_4278,"1900s Vintage Tri-Plane",Planes,28,1009,68276.35,31720.28
S24_2000,"1960 BSA Gold Star DBD34",Motorcycles,28,1015,67193.49,29313.69
S24_3949,Corsair F4U ( Bird Cage),Planes,28,1051,62269.67,31433.33
S32_4289,"1928 Ford Phaeton Deluxe",Vintage Cars,28,972,60493.33,28397.89
S24_2841,"1900s Vintage Bi-Plane",Planes,28,940,58434.07,26239.07
S32_3522,"1996 Peterbilt 379 Stake Bed with Outrigger",Trucks and Buses,28,988,57282.49,24075.81
S18_2432,"1926 Ford Fire Engine",Trucks and Buses,28,998,55835.30,30965.14
S18_2957,"1934 Ford V8 Coupe",Vintage Cars,28,985,55172.21,21337.46
S24_3420,"1937 Horch 930V Limousine",Vintage Cars,28,884,52803.75,29554.55
S24_1444,"1970 Dodge Coronet",Classic Cars,28,976,50255.45,18662.33
S18_2625,"1936 Harley Davidson El Knucklehead",Motorcycles,28,945,49992.72,27095.37
S32_2509,"1954 Greyhound Scenicruiser",Trucks and Buses,28,955,46519.05,21708.15
S18_1367,"1936 Mercedes-Benz 500K Special Roadster",Vintage Cars,28,960,46078.29,22788.69
S18_4668,"1939 Cadillac Limousine",Vintage Cars,28,995,44037.84,21013.54
S72_1253,Boeing X-32A JSF,Planes,28,960,42692.53,11233.33
S50_1341,"1930 Buick Marquette Phaeton",Vintage Cars,28,1074,41599.24,12536.80
S24_2022,"1938 Cadillac V-16 Presidential Limousine",Vintage Cars,28,955,38449.09,18766.54
S24_2840,"1958 Chevy Corvette Limited Edition",Classic Cars,28,983,31627.96,15988.43
S24_1937,"1939 Chevrolet Deluxe Coupe",Vintage Cars,28,937,28052.94,6904.85
S12_1108,"2001 Ferrari Enzo",Classic Cars,27,1019,190755.86,93349.65
S12_1099,"1968 Ford Mustang",Classic Cars,27,933,161531.48,72579.26
S12_3891,"1969 Ford Falcon",Classic Cars,27,965,152543.02,72399.77
S24_3856,"1956 Porsche 356A Coupe",Classic Cars,27,1052,134240.71,30829.11
S12_3148,"1969 Corvair Monza",Classic Cars,27,963,132363.79,46521.97
S18_4721,"1957 Corvette Convertible",Classic Cars,27,1013,130749.31,59910.22
S18_4027,"1970 Triumph Spitfire",Classic Cars,27,945,122254.75,35390.35
S18_3482,"1976 Ford Gran Torino",Classic Cars,27,915,121890.60,54647.25
S18_1984,"1995 Honda Civic",Classic Cars,27,917,119050.95,32953.82
S18_1129,"1993 Mazda RX-7",Classic Cars,27,947,114648.12,35564.15
S24_2011,"18th century schooner",Ships,27,1011,112427.12,29181.38
S18_3140,"1903 Ford Model A",Vintage Cars,27,883,111528.82,51219.92
S12_4675,"1969 Dodge Charger",Classic Cars,27,992,104210.62,45950.46
S12_3380,"1968 Dodge Charger",Classic Cars,27,925,98718.76,29195.76
S24_4048,"1992 Porsche Cayenne Turbo Silver",Classic Cars,27,867,92973.40,32474.14
S700_3505,The Titanic,Ships,27,952,84992.25,36354.57
S32_4485,"1974 Ducati 350 Mk3 Desmo",Motorcycles,27,898,84039.24,33634.50
S18_3259,Collectable Wooden Train,Trains,27,918,82617.12,20597.04
S700_3962,The Queen Mary,Ships,27,896,78919.06,30866.58
S18_4522,"1904 Buick Runabout",Vintage Cars,27,990,77800.54,25667.14
S24_3151,"1912 Ford Model T Delivery Wagon",Vintage Cars,27,991,77239.92,30752.11
S50_4713,"2002 Yamaha YZR M1",Motorcycles,27,992,73670.64,39774.00
S700_1938,The Mayflower,Ships,27,898,69531.61,30648.21
S24_4620,"1961 Chevrolet Impala",Classic Cars,27,941,69120.97,38698.44
S18_3278,"1969 Dodge Super Bee",Classic Cars,27,974,68783.93,21009.23
S700_2610,The USS Constitution Ship,Ships,27,1020,66697.13,32047.73
S18_1889,"1948 Porsche 356-A Roadster",Classic Cars,27,972,66455.62,14064.82
S12_3990,"1970 Plymouth Hemi Cuda",Classic Cars,27,900,63489.95,34761.95
S24_2360,"1982 Ducati 900 Monster",Motorcycles,27,947,57995.25,13391.55
S700_1138,The Schooner Bluenose,Ships,27,934,56455.11,24699.11
S18_3782,"1957 Vespa GS150",Motorcycles,27,959,54024.87,22425.82
S32_3207,"1950's Chicago Surface Lines Streetcar",Trains,27,934,53791.99,28835.51
S24_3371,"1971 Alpine Renault 1600s",Classic Cars,27,969,52339.53,14955.51
S50_1514,"1962 City of Detroit Streetcar",Trains,27,966,52123.81,15908.47
S72_3212,Pont Yacht,Ships,27,958,47550.40,15649.00
S32_2206,"1982 Ducati 996 R",Motorcycles,27,906,33268.76,11397.92
S24_2972,"1982 Lamborghini Diablo",Classic Cars,27,912,30972.87,16161.99
S18_1749,"1917 Grand Touring Sedan",Vintage Cars,25,918,140535.60,60945.00
S18_3685,"1948 Porsche Type 356 Roadster",Classic Cars,25,948,121653.46,62725.78
S18_1589,"1965 Aston Martin DB5",Classic Cars,25,914,101778.13,41490.69
S18_2870,"1999 Indy 500 Monte Carlo SS",Classic Cars,25,855,100770.12,52240.32
S24_3432,"2002 Chevy Corvette",Classic Cars,25,894,87404.81,31878.47
S24_2766,"1949 Jaguar XK 120",Classic Cars,25,949,76670.02,31829.77
S18_4409,"1932 Alfa Romeo 8C2300 Spider Sport",Vintage Cars,25,866,71526.22,34063.06
S24_3191,"1969 Chevrolet Camaro Z28",Classic Cars,25,870,67357.30,23413.60
S24_1046,"1970 Chevy Chevelle SS 454",Classic Cars,25,803,53236.67,13696.95
S18_2248,"1911 Ford Town Car",Vintage Cars,25,832,45306.77,17601.17
S24_1628,"1966 Shelby Cobra 427 S/C",Classic Cars,25,915,42015.54,15315.84
S24_3969,"1936 Mercedes Benz 500k Roadster",Vintage Cars,25,824,29763.39,11841.39
S24_2887,"1952 Citroen-15CV",Classic Cars,24,873,94248.67,30676.81
S18_4933,"1957 Ford Thunderbird",Classic Cars,24,767,50101.57,23862.50
S18_3233,"1985 Toyota Supra",Classic Cars,0,,,
