"NumeroDipendente";"NomeDipendente";"CognomeDipendente";"DataOrdine";"TotaleVendite"
1165;Leslie;Jennings;"2003-03-25";16537.85
1165;Leslie;Jennings;"2003-03-26";11044.30
1165;Leslie;Jennings;"2003-07-02";55601.84
1165;Leslie;Jennings;"2003-07-24";38675.13
1165;Leslie;Jennings;"2003-08-08";56052.56
1165;Leslie;Jennings;"2003-09-12";29997.09
1165;Leslie;Jennings;"2003-10-10";54682.68
1165;Leslie;Jennings;"2003-10-18";30876.44
1165;Leslie;Jennings;"2003-10-28";50743.65
1165;Leslie;Jennings;"2003-11-12";45084.38
1165;Leslie;Jennings;"2003-12-01";23923.93
1165;Leslie;Jennings;"2004-02-10";12573.28
1165;Leslie;Jennings;"2004-03-11";43369.30
1165;Leslie;Jennings;"2004-05-11";42798.08
1165;Leslie;Jennings;"2004-06-14";16753.30
1165;Leslie;Jennings;"2004-07-20";37430.89
1165;Leslie;Jennings;"2004-08-20";47979.98
1165;Leslie;Jennings;"2004-10-21";55639.66
1165;Leslie;Jennings;"2004-11-02";2434.25
1165;Leslie;Jennings;"2004-11-18";26248.78
1165;Leslie;Jennings;"2004-11-19";6466.44
1165;Leslie;Jennings;"2004-12-10";40676.26
1165;Leslie;Jennings;"2005-01-05";12692.19
1165;Leslie;Jennings;"2005-01-19";13874.75
1165;Leslie;Jennings;"2005-01-23";35137.54
1165;Leslie;Jennings;"2005-02-17";80391.68
1165;Leslie;Jennings;"2005-02-23";14155.57
1165;Leslie;Jennings;"2005-02-28";4466.71
1165;Leslie;Jennings;"2005-03-04";55902.50
1165;Leslie;Jennings;"2005-03-23";27695.54
1165;Leslie;Jennings;"2005-04-01";31755.34
1165;Leslie;Jennings;"2005-04-22";52229.55
1165;Leslie;Jennings;"2005-05-29";7639.10
1166;Leslie;Thompson;"2003-05-21";32641.98
1166;Leslie;Thompson;"2003-08-25";50342.74
1166;Leslie;Thompson;"2003-10-02";4465.85
1166;Leslie;Thompson;"2003-10-11";20452.50
1166;Leslie;Thompson;"2003-11-18";3879.96
1166;Leslie;Thompson;"2003-12-01";7678.25
1166;Leslie;Thompson;"2004-01-09";21053.69
1166;Leslie;Thompson;"2004-01-29";36070.47
1166;Leslie;Thompson;"2004-02-19";56822.65
1166;Leslie;Thompson;"2004-02-26";23552.59
1166;Leslie;Thompson;"2004-08-06";33347.88
1166;Leslie;Thompson;"2004-11-29";14191.12
1166;Leslie;Thompson;"2005-01-12";39580.60
1166;Leslie;Thompson;"2005-02-08";3452.75
1188;Julie;Firrelli;"2003-08-10";41016.75
1188;Julie;Firrelli;"2003-09-05";32680.31
1188;Julie;Firrelli;"2003-11-13";34606.28
1188;Julie;Firrelli;"2003-11-14";52548.49
1188;Julie;Firrelli;"2003-12-09";59265.14
1188;Julie;Firrelli;"2004-03-10";20355.24
1188;Julie;Firrelli;"2004-04-26";6276.60
1188;Julie;Firrelli;"2004-05-08";11843.45
1188;Julie;Firrelli;"2004-07-21";12530.51
1188;Julie;Firrelli;"2004-08-02";51152.86
1188;Julie;Firrelli;"2004-09-10";4424.40
1188;Julie;Firrelli;"2004-10-14";23333.06
1188;Julie;Firrelli;"2005-01-07";8307.28
1188;Julie;Firrelli;"2005-01-20";28322.83
1216;Steve;Patterson;"2003-01-06";10223.83
1216;Steve;Patterson;"2003-06-16";6036.96
1216;Steve;Patterson;"2003-10-21";9977.85
1216;Steve;Patterson;"2003-11-20";55425.77
1216;Steve;Patterson;"2004-06-30";18473.71
1216;Steve;Patterson;"2004-07-20";23715.70
1216;Steve;Patterson;"2004-08-19";39641.43
1216;Steve;Patterson;"2004-08-27";43134.04
1216;Steve;Patterson;"2004-09-07";5858.56
1216;Steve;Patterson;"2004-09-10";15059.76
1216;Steve;Patterson;"2004-10-13";47411.33
1216;Steve;Patterson;"2004-11-02";35152.12
1216;Steve;Patterson;"2004-11-04";99155.56
1216;Steve;Patterson;"2004-12-03";9658.74
1216;Steve;Patterson;"2005-03-03";30293.77
1216;Steve;Patterson;"2005-05-06";50806.85
1216;Steve;Patterson;"2005-05-30";5849.44
1286;Foon Yue;Tseng;"2003-01-10";5494.78
1286;Foon Yue;Tseng;"2003-04-04";21665.98
1286;Foon Yue;Tseng;"2003-06-03";58841.35
1286;Foon Yue;Tseng;"2003-10-20";22042.37
1286;Foon Yue;Tseng;"2003-11-05";16909.84
1286;Foon Yue;Tseng;"2003-11-26";38139.18
1286;Foon Yue;Tseng;"2003-12-02";58793.53
1286;Foon Yue;Tseng;"2004-04-05";22602.36
1286;Foon Yue;Tseng;"2004-04-20";1679.92
1286;Foon Yue;Tseng;"2004-05-04";32239.47
1286;Foon Yue;Tseng;"2004-06-17";22997.45
1286;Foon Yue;Tseng;"2004-07-07";20314.44
1286;Foon Yue;Tseng;"2004-11-03";27550.51
1286;Foon Yue;Tseng;"2004-11-05";44400.50
1286;Foon Yue;Tseng;"2004-11-21";25505.98
1286;Foon Yue;Tseng;"2004-12-01";39964.63
1286;Foon Yue;Tseng;"2005-05-01";29070.38
1323;George;Vanauf;"2003-02-24";22292.62
1323;George;Vanauf;"2003-03-10";25833.14
1323;George;Vanauf;"2003-06-16";17032.29
1323;George;Vanauf;"2003-09-03";6631.36
1323;George;Vanauf;"2003-11-05";24879.08
1323;George;Vanauf;"2003-11-25";36092.40
1323;George;Vanauf;"2003-12-05";36527.61
1323;George;Vanauf;"2004-03-29";7178.66
1323;George;Vanauf;"2004-04-02";29284.42
1323;George;Vanauf;"2004-04-03";5899.38
1323;George;Vanauf;"2004-05-07";41445.21
1323;George;Vanauf;"2004-05-18";31102.85
1323;George;Vanauf;"2004-06-28";42044.77
1323;George;Vanauf;"2004-08-20";37527.58
1323;George;Vanauf;"2004-09-08";35321.97
1323;George;Vanauf;"2004-10-15";42339.76
1323;George;Vanauf;"2004-10-22";33594.58
1323;George;Vanauf;"2004-11-15";50025.35
1323;George;Vanauf;"2004-11-17";45994.07
1323;George;Vanauf;"2004-12-04";26304.13
1323;George;Vanauf;"2005-04-03";43525.04
1323;George;Vanauf;"2005-05-05";28500.78
1337;Loui;Bondur;"2003-04-01";33383.14
1337;Loui;Bondur;"2003-05-07";16700.47
1337;Loui;Bondur;"2003-05-08";50824.66
1337;Loui;Bondur;"2003-07-01";23419.47
1337;Loui;Bondur;"2003-07-10";13920.26
1337;Loui;Bondur;"2003-11-25";39712.10
1337;Loui;Bondur;"2004-01-02";49614.72
1337;Loui;Bondur;"2004-01-15";49165.16
1337;Loui;Bondur;"2004-03-02";40978.53
1337;Loui;Bondur;"2004-05-26";25080.96
1337;Loui;Bondur;"2004-08-28";1960.80
1337;Loui;Bondur;"2004-11-20";51209.58
1337;Loui;Bondur;"2004-11-24";17104.91
1337;Loui;Bondur;"2004-11-25";18888.31
1337;Loui;Bondur;"2004-12-09";26311.63
1337;Loui;Bondur;"2004-12-15";32600.61
1337;Loui;Bondur;"2005-01-06";1834.56
1337;Loui;Bondur;"2005-03-17";17928.09
1337;Loui;Bondur;"2005-03-30";46656.94
1337;Loui;Bondur;"2005-04-07";12190.85
1370;Gerard;Hernandez;"2003-01-31";40206.20
1370;Gerard;Hernandez;"2003-05-20";14571.44
1370;Gerard;Hernandez;"2003-06-06";13884.99
1370;Gerard;Hernandez;"2003-06-27";22366.04
1370;Gerard;Hernandez;"2003-07-04";14232.70
1370;Gerard;Hernandez;"2003-09-28";44939.85
1370;Gerard;Hernandez;"2003-10-08";4599.52
1370;Gerard;Hernandez;"2003-11-08";33818.34
1370;Gerard;Hernandez;"2003-11-11";42783.81
1370;Gerard;Hernandez;"2003-11-19";10721.86
1370;Gerard;Hernandez;"2003-12-02";40062.53
1370;Gerard;Hernandez;"2003-12-03";13059.16
1370;Gerard;Hernandez;"2004-01-16";59830.55
1370;Gerard;Hernandez;"2004-02-02";5759.42
1370;Gerard;Hernandez;"2004-02-21";18997.89
1370;Gerard;Hernandez;"2004-04-13";36069.26
1370;Gerard;Hernandez;"2004-04-29";26155.91
1370;Gerard;Hernandez;"2004-05-05";35420.74
1370;Gerard;Hernandez;"2004-06-04";4632.31
1370;Gerard;Hernandez;"2004-06-24";47065.36
1370;Gerard;Hernandez;"2004-07-23";47924.19
1370;Gerard;Hernandez;"2004-08-09";20009.53
1370;Gerard;Hernandez;"2004-09-27";6066.78
1370;Gerard;Hernandez;"2004-10-11";53116.99
1370;Gerard;Hernandez;"2004-10-16";36140.38
1370;Gerard;Hernandez;"2004-10-29";19501.82
1370;Gerard;Hernandez;"2004-11-25";1676.14
1370;Gerard;Hernandez;"2004-12-02";46493.16
1370;Gerard;Hernandez;"2004-12-07";25529.78
1370;Gerard;Hernandez;"2004-12-10";44185.46
1370;Gerard;Hernandez;"2005-02-03";49523.67
1370;Gerard;Hernandez;"2005-02-10";48910.39
1370;Gerard;Hernandez;"2005-02-16";34404.21
1370;Gerard;Hernandez;"2005-02-22";36851.98
1370;Gerard;Hernandez;"2005-03-01";46968.52
1370;Gerard;Hernandez;"2005-03-15";18102.74
1370;Gerard;Hernandez;"2005-03-28";12432.32
1370;Gerard;Hernandez;"2005-04-14";35157.75
1370;Gerard;Hernandez;"2005-05-03";46895.48
1370;Gerard;Hernandez;"2005-05-13";28574.90
1370;Gerard;Hernandez;"2005-05-31";70933.74
1401;Pamela;Castillo;"2003-02-11";53959.21
1401;Pamela;Castillo;"2003-02-17";52151.81
1401;Pamela;Castillo;"2003-04-11";1627.56
1401;Pamela;Castillo;"2003-04-28";35826.33
1401;Pamela;Castillo;"2003-08-13";1128.20
1401;Pamela;Castillo;"2003-10-09";17746.26
1401;Pamela;Castillo;"2003-10-17";36164.46
1401;Pamela;Castillo;"2003-10-21";27121.90
1401;Pamela;Castillo;"2003-11-04";15130.97
1401;Pamela;Castillo;"2003-11-05";37723.79
1401;Pamela;Castillo;"2003-11-06";38524.29
1401;Pamela;Castillo;"2004-02-09";7612.06
1401;Pamela;Castillo;"2004-02-18";16901.38
1401;Pamela;Castillo;"2004-04-09";28211.70
1401;Pamela;Castillo;"2004-06-08";4710.73
1401;Pamela;Castillo;"2004-07-06";51619.02
1401;Pamela;Castillo;"2004-07-16";6419.84
1401;Pamela;Castillo;"2004-07-21";45352.47
1401;Pamela;Castillo;"2004-08-17";48298.99
1401;Pamela;Castillo;"2004-09-09";33924.24
1401;Pamela;Castillo;"2004-10-22";53745.34
1401;Pamela;Castillo;"2004-11-10";20564.86
1401;Pamela;Castillo;"2004-11-12";37654.09
1401;Pamela;Castillo;"2004-11-22";12081.52
1401;Pamela;Castillo;"2004-11-24";42813.83
1401;Pamela;Castillo;"2005-01-10";14379.90
1401;Pamela;Castillo;"2005-03-10";8807.12
1401;Pamela;Castillo;"2005-04-15";21638.62
1401;Pamela;Castillo;"2005-05-10";35362.26
1401;Pamela;Castillo;"2005-05-17";52420.07
1401;Pamela;Castillo;"2005-05-30";8597.73
1501;Larry;Bott;"2003-03-18";48425.69
1501;Larry;Bott;"2003-06-12";29429.14
1501;Larry;Bott;"2003-08-01";29716.86
1501;Larry;Bott;"2003-09-21";32723.04
1501;Larry;Bott;"2003-10-06";61510.72
1501;Larry;Bott;"2003-11-06";37455.77
1501;Larry;Bott;"2003-11-14";22275.73
1501;Larry;Bott;"2004-01-22";7310.42
1501;Larry;Bott;"2004-03-20";24995.61
1501;Larry;Bott;"2004-04-12";16212.59
1501;Larry;Bott;"2004-05-05";28394.54
1501;Larry;Bott;"2004-06-01";45443.54
1501;Larry;Bott;"2004-09-30";34341.08
1501;Larry;Bott;"2004-10-14";52825.29
1501;Larry;Bott;"2004-11-01";46788.14
1501;Larry;Bott;"2004-11-17";47159.11
1501;Larry;Bott;"2004-12-03";13671.82
1501;Larry;Bott;"2005-01-06";45785.34
1501;Larry;Bott;"2005-01-31";46770.52
1501;Larry;Bott;"2005-02-09";23602.90
1501;Larry;Bott;"2005-04-08";37258.94
1504;Barry;Jones;"2003-01-09";10549.01
1504;Barry;Jones;"2003-01-29";50218.95
1504;Barry;Jones;"2003-03-24";7674.94
1504;Barry;Jones;"2003-10-04";24101.81
1504;Barry;Jones;"2003-10-05";36798.88
1504;Barry;Jones;"2003-10-10";1491.38
1504;Barry;Jones;"2003-10-23";44167.09
1504;Barry;Jones;"2003-11-12";55069.55
1504;Barry;Jones;"2003-11-18";29954.91
1504;Barry;Jones;"2003-11-20";27988.47
1504;Barry;Jones;"2004-02-12";32538.74
1504;Barry;Jones;"2004-03-15";33820.62
1504;Barry;Jones;"2004-08-21";32260.16
1504;Barry;Jones;"2004-09-03";12538.01
1504;Barry;Jones;"2004-09-08";48809.90
1504;Barry;Jones;"2004-09-15";31310.09
1504;Barry;Jones;"2004-09-16";17359.53
1504;Barry;Jones;"2004-10-15";17876.32
1504;Barry;Jones;"2004-10-16";61234.67
1504;Barry;Jones;"2004-11-03";16799.03
1504;Barry;Jones;"2004-11-05";42104.46
1504;Barry;Jones;"2004-11-09";19206.68
1504;Barry;Jones;"2004-11-19";23014.17
1504;Barry;Jones;"2005-03-03";27966.54
1611;Andy;Fixter;"2003-04-29";45864.03
1611;Andy;Fixter;"2003-05-21";7565.08
1611;Andy;Fixter;"2003-07-16";24013.52
1611;Andy;Fixter;"2003-09-11";41554.73
1611;Andy;Fixter;"2003-09-25";9821.32
1611;Andy;Fixter;"2003-11-04";38547.19
1611;Andy;Fixter;"2003-11-06";23936.53
1611;Andy;Fixter;"2003-11-21";35505.63
1611;Andy;Fixter;"2004-02-20";44894.74
1611;Andy;Fixter;"2004-07-02";9415.13
1611;Andy;Fixter;"2004-07-19";35806.73
1611;Andy;Fixter;"2004-11-24";40265.60
1611;Andy;Fixter;"2004-11-29";41995.62
1611;Andy;Fixter;"2004-12-17";31835.36
1611;Andy;Fixter;"2005-01-20";27083.78
1611;Andy;Fixter;"2005-02-02";21432.31
1611;Andy;Fixter;"2005-03-09";29848.52
1611;Andy;Fixter;"2005-05-09";10945.26
1611;Andy;Fixter;"2005-05-29";42251.51
1612;Peter;Marsh;"2003-06-25";2880.00
1612;Peter;Marsh;"2003-07-07";32077.44
1612;Peter;Marsh;"2003-11-11";22963.60
1612;Peter;Marsh;"2003-12-02";20220.04
1612;Peter;Marsh;"2004-02-04";22474.17
1612;Peter;Marsh;"2004-03-30";31670.37
1612;Peter;Marsh;"2004-06-03";37281.36
1612;Peter;Marsh;"2004-06-15";44160.92
1612;Peter;Marsh;"2004-06-16";37769.38
1612;Peter;Marsh;"2004-07-12";35034.57
1612;Peter;Marsh;"2004-09-01";38785.48
1612;Peter;Marsh;"2004-12-04";39440.59
1612;Peter;Marsh;"2004-12-16";52166.00
1612;Peter;Marsh;"2005-03-11";33593.32
1612;Peter;Marsh;"2005-04-01";30253.75
1612;Peter;Marsh;"2005-04-08";41426.81
1612;Peter;Marsh;"2005-04-23";2326.18
1612;Peter;Marsh;"2005-04-29";36442.34
1612;Peter;Marsh;"2005-05-16";23627.44
1621;Mami;Nishi;"2003-03-03";51001.22
1621;Mami;Nishi;"2003-04-16";44380.15
1621;Mami;Nishi;"2003-09-19";38350.15
1621;Mami;Nishi;"2003-10-22";67392.85
1621;Mami;Nishi;"2003-11-15";28287.73
1621;Mami;Nishi;"2003-11-27";20644.24
1621;Mami;Nishi;"2003-12-01";17193.06
1621;Mami;Nishi;"2004-01-12";47177.59
1621;Mami;Nishi;"2004-04-13";15183.63
1621;Mami;Nishi;"2004-06-15";22037.91
1621;Mami;Nishi;"2004-08-04";2611.84
1621;Mami;Nishi;"2004-11-16";15822.84
1621;Mami;Nishi;"2004-11-23";48927.64
1621;Mami;Nishi;"2005-01-26";33967.73
1621;Mami;Nishi;"2005-03-02";3516.04
1621;Mami;Nishi;"2005-04-22";615.45
1702;Martin;Gerard;"2003-04-21";3101.40
1702;Martin;Gerard;"2003-05-28";57131.92
1702;Martin;Gerard;"2003-11-07";31428.21
1702;Martin;Gerard;"2003-11-14";47513.19
1702;Martin;Gerard;"2003-11-26";40473.86
1702;Martin;Gerard;"2004-01-26";22162.61
1702;Martin;Gerard;"2004-02-22";47375.92
1702;Martin;Gerard;"2004-03-19";15322.93
1702;Martin;Gerard;"2004-08-30";61402.00
1702;Martin;Gerard;"2004-10-06";3474.66
1702;Martin;Gerard;"2004-11-01";33145.56
1702;Martin;Gerard;"2004-11-24";24945.21
