"NumeroCliente","NomeCliente","Paese","Città","NumeroTotaleClienti","FatturatoCliente","CategoriaSpesa"
103,Atelier graphique,France,Nantes,122,22314.36,Basso
112,Signal Gift Stores,USA,Las Vegas,122,80180.98,Medio
114,"Australian Collectors, Co.",Australia,Melbourne,122,180585.07,Alto
119,La Rochelle Gifts,France,Nantes,122,158573.12,Alto
121,Baane Mini Imports,Norway,Stavern,122,104224.79,Alto
124,Mini Gifts Distributors Ltd.,USA,San Rafael,122,591827.34,Alto
125,Havel & Zbyszek Co,Poland,Warszawa,122,,Alto
128,"Blauer See Auto, Co.",Germany,Frankfurt,122,75937.76,Medio
129,Mini Wheels Co.,USA,San Francisco,122,66710.56,Medio
131,Land of Toys Inc.,USA,NYC,122,149085.15,Alto
141,Euro+ Shopping Channel,Spain,Madrid,122,820689.54,Alto
144,"Volvo Model Replicas, Co",Sweden,Luleå,122,66694.82,Medio
145,Danish Wholesale Imports,Denmark,Kobenhavn,122,129085.12,Alto
146,"Saveley & Henriot, Co.",France,Lyon,122,130305.35,Alto
148,"Dragon Souveniers, Ltd.",Singapore,Singapore,122,156251.03,Alto
151,Muscle Machine Inc,USA,NYC,122,177913.95,Alto
157,Diecast Classics Inc.,USA,Allentown,122,104358.69,Alto
161,Technics Stores Inc.,USA,Burlingame,122,104545.22,Alto
166,Handji Gifts& Co,Singapore,Singapore,122,107746.75,Alto
167,Herkku Gifts,Norway  ,Bergen,122,97562.47,Medio
168,American Souvenirs Inc,USA,New Haven,122,,Alto
169,Porto Imports Co.,Portugal,Lisboa,122,,Alto
171,Daedalus Designs Imports,France,Lille,122,61781.70,Medio
172,"La Corne D'abondance, Co.",France,Paris,122,86553.52,Medio
173,Cambridge Collectables Co.,USA,Cambridge,122,32198.69,Basso
175,Gift Depot Inc.,USA,Bridgewater,122,95424.63,Medio
177,Osaka Souveniers Co.,Japan,Kita-ku,122,62361.22,Medio
181,Vitachrome Inc.,USA,NYC,122,72497.64,Medio
186,"Toys of Finland, Co.",Finland,Helsinki,122,95546.46,Medio
187,"AV Stores, Co.",UK,Manchester,122,148410.09,Alto
189,"Clover Collections, Co.",Ireland,Dublin,122,49898.27,Basso
198,Auto-Moto Classics Inc.,USA,Brickhaven,122,21554.26,Basso
201,"UK Collectables, Ltd.",UK,Liverpool,122,106610.72,Alto
202,Canadian Gift Exchange Network,Canada,Vancouver,122,70122.19,Medio
204,Online Mini Collectables,USA,Brickhaven,122,55577.26,Medio
205,Toys4GrownUps.com,USA,Pasadena,122,93803.30,Medio
206,"Asian Shopping Network, Co",Singapore,Singapore,122,,Alto
209,Mini Caravy,France,Strasbourg,122,75859.32,Medio
211,"King Kong Collectables, Co.",Hong Kong,Central Hong Kong,122,45480.79,Basso
216,Enaco Distributors,Spain,Barcelona,122,68520.47,Medio
219,Boards & Toys Co.,USA,Glendale,122,7918.60,Basso
223,Natürlich Autos,Germany,Cunewalde,122,,Alto
227,Heintze Collectables,Denmark,Århus,122,89909.80,Medio
233,Québec Home Shopping Network,Canada,Montréal,122,68977.67,Medio
237,ANG Resellers,Spain,Madrid,122,,Alto
239,Collectable Mini Designs Co.,USA,San Diego,122,80375.24,Medio
240,giftsbymail.co.uk,UK,Cowes,122,71783.75,Medio
242,Alpha Cognac,France,Toulouse,122,60483.36,Medio
247,Messner Shopping Network,Germany,Frankfurt,122,,Alto
249,Amica Models & Co.,Italy,Torino,122,82223.23,Medio
250,Lyon Souveniers,France,Paris,122,67659.19,Medio
256,Auto Associés & Cie.,France,Versailles,122,58876.41,Medio
259,"Toms Spezialitäten, Ltd",Germany,Köln,122,89223.14,Medio
260,"Royal Canadian Collectables, Ltd.",Canada,Tsawassen,122,66812.00,Medio
273,"Franken Gifts, Co",Germany,München,122,,Alto
276,"Anna's Decorations, Ltd",Australia,North Sydney,122,137034.22,Alto
278,Rovelli Gifts,Italy,Bergamo,122,127529.69,Alto
282,Souveniers And Things Co.,Australia,Chatswood,122,133907.12,Alto
286,Marta's Replicas Co.,USA,Cambridge,122,90545.37,Medio
293,BG&E Collectables,Switzerland,Fribourg,122,,Alto
298,"Vida Sport, Ltd",Switzerland,Genève,122,108777.92,Alto
299,"Norway Gifts By Mail, Co.",Norway  ,Oslo,122,69059.04,Medio
303,Schuyler Imports,Netherlands,Amsterdam,122,,Alto
307,Der Hund Imports,Germany,Berlin,122,,Alto
311,"Oulu Toy Supplies, Inc.",Finland,Oulu,122,95706.15,Medio
314,Petit Auto,Belgium,Bruxelles,122,70851.58,Medio
319,Mini Classics,USA,White Plains,122,78432.16,Medio
320,Mini Creations Ltd.,USA,New Bedford,122,101872.52,Alto
321,Corporate Gift Ideas Co.,USA,San Francisco,122,132340.78,Alto
323,"Down Under Souveniers, Inc",New Zealand,Auckland  ,122,154622.08,Alto
324,"Stylish Desk Decors, Co.",UK,London,122,80556.73,Medio
328,Tekni Collectables Inc.,USA,Newark,122,81806.55,Medio
333,"Australian Gift Network, Co",Australia,South Brisbane,122,55190.16,Medio
334,Suominen Souveniers,Finland,Espoo,122,103896.74,Alto
335,"Cramer Spezialitäten, Ltd",Germany,Brandenburg,122,,Alto
339,"Classic Gift Ideas, Inc",USA,Philadelphia,122,57939.34,Medio
344,CAF Imports,Spain,Madrid,122,46751.14,Basso
347,"Men 'R' US Retailers, Ltd.",USA,Los Angeles,122,41506.19,Basso
348,"Asian Treasures, Inc.",Ireland,Cork,122,,Alto
350,Marseille Mini Autos,France,Marseille,122,71547.53,Medio
353,Reims Collectables,France,Reims,122,126983.19,Alto
356,"SAR Distributors, Co",South Africa,Hatfield,122,,Alto
357,GiftsForHim.com,New Zealand,Auckland,122,94431.76,Medio
361,Kommission Auto,Germany,Münster,122,,Alto
362,Gifts4AllAges.com,USA,Boston,122,84340.32,Medio
363,Online Diecast Creations Co.,USA,Nashua,122,116449.29,Alto
369,"Lisboa Souveniers, Inc",Portugal,Lisboa,122,,Alto
376,Precious Collectables,Switzerland,Bern,122,,Alto
379,Collectables For Less Inc.,USA,Brickhaven,122,73533.65,Medio
381,Royale Belge,Belgium,Charleroi,122,29217.18,Basso
382,Salzburg Collectables,Austria,Salzburg,122,137480.07,Alto
385,Cruz & Sons Co.,Philippines,Makati City,122,87468.30,Medio
386,L'ordine Souveniers,Italy,Reggio Emilia,122,125505.57,Alto
398,"Tokyo Collectables, Ltd",Japan,Minato-ku,122,105548.73,Alto
406,Auto Canal+ Petit,France,Paris,122,86436.97,Medio
409,Stuttgart Collectable Exchange,Germany,Stuttgart,122,,Alto
412,"Extreme Desk Decorations, Ltd",New Zealand,Wellington,122,90332.38,Medio
415,"Bavarian Collectables Imports, Co.",Germany,Munich,122,31310.09,Basso
424,Classic Legends Inc.,USA,NYC,122,69214.33,Medio
443,"Feuer Online Stores, Inc",Germany,Leipzig,122,,Alto
447,Gift Ideas Corp.,USA,Glendale,122,49967.78,Basso
448,Scandinavian Gift Ideas,Sweden,Bräcke,122,120943.53,Alto
450,The Sharp Gifts Warehouse,USA,San Jose,122,143536.27,Alto
452,Mini Auto Werke,Austria,Graz,122,51059.99,Medio
455,Super Scale Inc.,USA,New Haven,122,70378.65,Medio
456,Microscale Inc.,USA,NYC,122,29230.43,Basso
458,"Corrida Auto Replicas, Ltd",Spain,Madrid,122,112440.09,Alto
459,Warburg Exchange,Germany,Aachen,122,,Alto
462,FunGiftIdeas.com,USA,New Bedford,122,88627.49,Medio
465,"Anton Designs, Ltd.",Spain,Madrid,122,,Alto
471,"Australian Collectables, Ltd",Australia,Glen Waverly,122,55866.02,Medio
473,Frau da Collezione,Italy,Milan,122,25358.32,Basso
475,West Coast Collectables Co.,USA,Burbank,122,43748.72,Basso
477,Mit Vergnügen & Co.,Germany,Mannheim,122,,Alto
480,"Kremlin Collectables, Co.",Russia,Saint Petersburg,122,,Alto
481,"Raanan Stores, Inc",Israel,Herzlia,122,,Alto
484,"Iberia Gift Imports, Corp.",Spain,Sevilla,122,50987.85,Medio
486,Motor Mint Distributors Inc.,USA,Philadelphia,122,77726.59,Medio
487,Signal Collectibles Ltd.,USA,Brisbane,122,42570.37,Basso
489,"Double Decker Gift Stores, Ltd",UK,London,122,29586.15,Basso
495,Diecast Collectables,USA,Boston,122,65541.74,Medio
496,Kelly's Gift Shop,New Zealand,Auckland  ,122,137460.79,Alto
